,occ,dim_0,dim_1,emp_2018,wage,sqrt_emp
0,Accountants and auditors,26.352259,20.087444,1436.1,71550.0,37.89591006955764
5,"Adult basic education, adult secondary education, and English as a Second Language instructors",9.717224,13.629684,59.3,54350.0,7.700649323271382
7,Advertising sales agents,4.095492,15.891302,139.2,53310.0,11.7983049630021
9,Aerospace engineers,35.429806,9.395681,66.4,116500.0,8.148619514985345
12,Agricultural equipment operators,-24.653444,-9.579328,70.3,31950.0,8.384509526501834
16,Aircraft mechanics and service technicians,6.9088616,-19.932604,137.2,64090.0,11.713240371477058
17,"Aircraft structure, surfaces, rigging, and systems assemblers",3.9644384,-17.132504,43.9,54210.0,6.6257075093909785
19,"Airline pilots, copilots, and flight engineers",0.6655805,-11.755763,85.5,147220.0,9.246621004453464
21,Amusement and recreation attendants,-19.657719,5.147924,357.7,23370.0,18.912958520548813
23,Animal caretakers,-12.709297,4.074832,300.7,24780.0,17.340703561274555
26,Animal trainers,10.942416,6.710831,50.2,30430.0,7.085195833567341
30,"Architects, except landscape and naval",30.174168,3.2034214,129.9,80750.0,11.397368117245314
31,Architectural and civil drafters,-2.012574,3.2741685,102.9,56340.0,10.143963722332607
32,Architectural and engineering managers,31.897036,8.306376,198.1,144830.0,14.074800176201437
36,Art directors,7.358163,17.826818,99.1,94220.0,9.954898291795853
37,"Art, drama, and music teachers, postsecondary",21.718792,2.0244293,116.3,69530.0,10.784247771634329
43,Audio and video technicians,-0.20361203,-7.5753913,91.8,45910.0,9.581231653602787
46,Automotive and watercraft service attendants,-9.137958,-12.417428,118.8,25200.0,10.89954127475097
47,Automotive body and related repairers,-8.655009,-15.532997,155.5,43580.0,12.469963913339926
49,Automotive service technicians and mechanics,2.2656212,-21.34673,756.6,42090.0,27.506362900245463
51,Baggage porters and bellhops,-4.44763,-12.336352,40.6,25580.0,6.371812928829597
53,Bakers,-24.37735,2.6117153,199.3,27700.0,14.117365193264641
54,Barbers,-16.174152,7.1837063,66.5,30150.0,8.154753215150045
55,Bartenders,-16.314064,3.1924014,654.7,23680.0,25.58710612789184
57,Bill and account collectors,-9.162502,14.351656,238.9,37000.0,15.45639026422405
58,Billing and posting clerks,-6.457135,11.65345,484.2,38740.0,22.004544985070698
61,"Biological science teachers, postsecondary",27.63921,12.485383,64.7,83300.0,8.043631020876083
62,Biological scientists,27.910559,6.7179127,120.6,79580.0,10.981803130633876
63,"Biological scientists, all other",26.2609,12.254392,44.7,82220.0,6.685805860178712
64,Biological technicians,-2.559936,-2.8462577,87.5,45860.0,9.354143466934854
66,"Bookkeeping, accounting, and auditing clerks",-5.804528,13.66309,1673.6,41230.0,40.909656561745905
67,Brickmasons and blockmasons,-3.1041505,-24.277462,81.9,53100.0,9.049861877399014
69,Broadcast announcers and radio disc jockeys,1.9944706,5.4431114,40.8,34630.0,6.387487769068525
71,Brokerage clerks,-7.990049,15.253502,48.6,52750.0,6.971370023173351
72,Budget analysts,-2.0353837,17.382397,55.4,76540.0,7.443117626371358
73,Bus and truck mechanics and diesel engine specialists,2.008044,-22.214893,281.3,48500.0,16.772000476985447
74,"Business teachers, postsecondary",15.652485,18.50109,105.1,87200.0,10.251829105091442
75,Butchers and meat cutters,-12.3946295,-2.2684457,137.5,32500.0,11.726039399558575
76,Cabinetmakers and bench carpenters,-17.686022,-22.64637,112.2,35790.0,10.59245014149229
79,"Captains, mates, and pilots of water vessels",-1.0480762,-21.374918,38.9,72340.0,6.23698645180507
80,Cardiovascular technologists and technicians,7.0827503,-3.2658703,57.4,57720.0,7.576278769950324
82,"Career/technical education teachers, postsecondary",15.631537,-8.171112,124.1,54620.0,11.140017953306897
83,"Career/technical education teachers, secondary school",20.847815,2.0002773,73.8,61710.0,8.590692637965812
84,Cargo and freight agents,-1.4241455,12.046242,97.2,43740.0,9.85900603509299
85,Carpenters,-10.804916,-18.715403,1024.1,48330.0,32.00156246185489
86,Carpet installers,-13.992179,-19.578255,36.5,40090.0,6.041522986797286
88,Cashiers,-17.330484,5.057008,3611.7,23655.0,60.097420909719574
89,Cement masons and concrete finishers,-3.7259016,-23.834036,200.4,44810.0,14.15627069534911
90,Chefs and head cooks,15.170919,6.4560075,148.7,51530.0,12.19426094521517
92,Chemical equipment operators and tenders,-1.7072883,-18.029127,88.5,49130.0,9.40744386111339
94,Chemical technicians,4.307309,-12.852608,68.1,49260.0,8.252272414311102
96,Chemists,5.1165833,-12.977901,86.7,77630.0,9.311283477587825
97,Chief executives,29.720667,23.209942,287.9,184460.0,16.967616214424464
98,"Child, family, and school social workers",12.884219,14.328143,342.5,47390.0,18.506755523321747
99,Childcare workers,-21.272806,7.0195074,1146.4,24230.0,33.85852920609518
100,Chiropractors,15.568966,-1.5504732,51.1,70340.0,7.148426400264607
102,Civil engineering technologists and technicians,-1.4878489,3.590635,70.9,53410.0,8.420213774008355
103,Civil engineers,30.389399,4.083625,329.2,87060.0,18.143869488066763
104,"Claims adjusters, examiners, and investigators",1.4780376,11.402175,332.9,66790.0,18.245547402037573
105,Cleaners of vehicles and equipment,-26.537636,1.6363947,408.4,25800.0,20.208908926510603
107,Clergy,7.5987086,14.066576,243.9,50400.0,15.617298101784444
108,"Clinical, counseling, and school psychologists",14.49394,15.180122,171.5,78200.0,13.095800853708795
109,Coaches and scouts,13.517704,7.8228726,292.0,34840.0,17.08800749063506
111,"Coin, vending, and amusement machine servicers and repairers",-21.982712,-6.8606367,37.0,35420.0,6.082762530298219
112,Commercial and industrial designers,-2.0775871,1.7077428,42.2,68890.0,6.496152707564686
114,Commercial pilots,0.5156532,-11.993521,41.6,86080.0,6.44980619863884
116,Community health workers,22.60874,5.5664673,64.9,40360.0,8.056053624449133
118,"Compensation, benefits, and job analysis specialists",-1.3934726,17.177336,94.4,64560.0,9.715966241192895
119,Compliance officers,7.0850167,7.8832307,337.6,69050.0,18.373894524569362
120,Computer and information systems managers,33.50225,4.951497,461.0,146360.0,21.470910553583888
121,Computer hardware engineers,35.610405,10.284346,71.1,117220.0,8.432081593533118
122,"Computer science teachers, postsecondary",24.778479,13.457088,38.5,85180.0,6.2048368229954285
123,"Computer, automated teller, and office machine repairers",-15.028594,-7.489271,112.3,39530.0,10.597169433391164
124,Concierges,14.675666,9.000483,42.6,31390.0,6.526867548832288
126,Construction and building inspectors,4.214421,4.345458,120.8,60710.0,10.99090533122727
127,Construction laborers,-12.576465,-20.48464,1398.0,36860.0,37.389838191679836
128,Construction managers,31.324915,3.5443776,476.7,95260.0,21.833460559425756
130,"Control and valve installers and repairers, except mechanical door",3.3708863,-19.646093,53.1,58100.0,7.286974680894672
132,"Cooks, fast food",-23.779053,1.9006287,534.0,23510.0,23.108440016582687
133,"Cooks, institution and cafeteria",-18.15522,2.0895765,420.2,27750.0,20.498780451529306
135,"Cooks, restaurant",-13.259631,-1.0534463,1417.3,27790.0,37.64704503676218
136,"Cooks, short order",-14.834391,0.43261155,154.7,25150.0,12.437845472588892
138,Correctional officers and jailers,6.4630303,4.128301,442.0,45180.0,21.02379604162864
140,Cost estimators,26.180904,18.1437,214.2,65250.0,14.635573101180562
142,Counter and rental clerks,-15.95193,0.31698602,420.4,28820.0,20.503658210182884
143,Couriers and messengers,-20.8032,-1.7498721,121.8,29690.0,11.036303729057115
144,"Court, municipal, and license clerks",-7.2795434,12.411034,163.7,39380.0,12.794530081249565
146,Crane and tower operators,-7.2903814,-21.637888,45.7,56690.0,6.760177512462229
147,Credit analysts,-3.2797053,14.877251,74.9,73650.0,8.654478609367523
151,Crossing guards and flaggers,-22.344065,4.791474,86.7,29760.0,9.311283477587825
154,Customer service representatives,5.2017884,11.745417,3018.8,34710.0,54.943607453460864
156,"Cutting and slicing machine setters, operators, and tenders",-19.768366,-15.960469,59.8,35600.0,7.733045971672482
157,"Cutting, punching, and press machine setters, operators, and tenders, metal and plastic",-24.313452,-14.539971,195.7,35610.0,13.989281611290838
159,Data entry keyers,-1.8674883,11.4731865,172.4,33490.0,13.130118049735882
160,Demonstrators and product promoters,-17.674248,6.1816244,88.1,30930.0,9.386160024205852
161,Dental assistants,6.62195,-2.261384,354.6,40080.0,18.83082579177026
162,Dental laboratory technicians,-17.340714,-12.633537,36.2,41340.0,6.016643582596529
163,"Dentists, general",18.351557,-2.4119732,132.1,155600.0,11.493476410555685
166,Detectives and criminal investigators,7.2980804,7.4218974,113.5,83170.0,10.653637876331258
167,Diagnostic medical sonographers,7.462353,-2.27344,74.3,74320.0,8.61974477580398
169,Dietitians and nutritionists,19.447775,8.89989,74.2,61270.0,8.613942186943213
170,Dining room and cafeteria attendants and bartender helpers,-15.051705,1.3971981,488.0,23470.0,22.090722034374522
171,"Directors, religious activities and education",20.776115,7.311788,157.5,43860.0,12.549900398011133
172,Dishwashers,-14.963885,-2.1169753,522.3,23970.0,22.853883696212336
173,"Dispatchers, except police, fire, and ambulance",14.689551,5.0998845,204.6,40190.0,14.303845636750978
174,"Door-to-door sales workers, news and street vendors, and related workers",-17.136627,3.5183408,72.9,27420.0,8.538149682454625
177,Driver/sales workers,-17.129606,-0.10202738,487.4,25860.0,22.077137495608437
178,Drywall and ceiling tile installers,-25.86948,-3.1430824,125.1,45700.0,11.184811129384348
181,Editors,1.8253739,16.942902,118.7,61370.0,10.894952959971878
182,"Education administrators, all other",19.63445,7.3502784,52.1,85450.0,7.2180329730474355
183,"Education administrators, kindergarten through secondary",31.634705,21.992903,283.2,96400.0,16.828547174370104
184,"Education administrators, postsecondary",28.406427,21.678478,190.5,95410.0,13.80217374184226
185,"Education and childcare administrators, preschool and daycare",17.328266,7.4671874,69.2,48210.0,8.318653737234168
186,"Education teachers, postsecondary",17.856956,16.740744,77.3,65510.0,8.792041856133306
187,"Educational, guidance, and career counselors and advisors",16.311562,14.033544,333.5,57040.0,18.261982367749674
189,Electrical and electronic engineering technologists and technicians,5.185535,-17.6338,125.8,65260.0,11.216059914247962
192,"Electrical and electronics repairers, commercial and industrial equipment",4.9317846,-19.149263,61.2,59300.0,7.8230428862431785
194,Electrical engineers,34.25713,10.393349,193.1,98530.0,13.896042602122375
195,Electrical power-line installers and repairers,14.23127,-14.924843,115.0,72520.0,10.723805294763608
196,Electricians,-8.105043,-19.175957,739.2,56180.0,27.188232748746287
199,"Electronics engineers, except computer",34.75658,10.573209,134.9,105570.0,11.61464592658769
200,"Elementary school teachers, except special education",10.493973,11.975673,1452.1,59670.0,38.1064299036265
202,"Eligibility interviewers, government programs",-6.2650146,12.557906,147.5,46590.0,12.144957801491119
205,Engine and other machine assemblers,-25.404173,-14.405973,45.9,45660.0,6.774953874381729
206,"Engineering teachers, postsecondary",26.80181,11.709534,44.6,101010.0,6.6783231428256
207,"Engineers, all other",33.24807,9.231602,170.1,99040.0,13.042239071570494
208,"English language and literature teachers, postsecondary",18.895588,16.921083,81.3,68490.0,9.016651263079881
210,Environmental engineers,30.196875,4.640303,55.8,88860.0,7.469939758793239
212,"Environmental scientists and specialists, including health",26.695826,16.632738,90.9,71360.0,9.534149149242422
215,Executive secretaries and executive administrative assistants,5.109108,10.733943,593.4,60890.0,24.359802954868087
217,Exercise trainers and group fitness instructors,-14.104885,5.723049,373.7,40390.0,19.33132173442882
218,"Extruding and drawing machine setters, operators, and tenders, metal and plastic",-20.829786,-14.207977,77.4,36320.0,8.79772697916911
220,"Extruding, forming, pressing, and compacting machine setters, operators, and tenders",-21.93028,-14.648823,72.4,35480.0,8.508818954473059
225,Farm equipment mechanics and service technicians,-7.8956304,-13.720758,40.8,42200.0,6.387487769068525
227,"Farmers, ranchers, and other agricultural managers",15.829239,-9.775533,952.3,71160.0,30.859358386071477
228,"Farmworkers and laborers, crop, nursery, and greenhouse",-26.706293,2.2531624,566.5,25440.0,23.80126047082381
229,"Farmworkers, farm, ranch, and aquacultural animals",-6.9240923,-16.199938,245.4,27830.0,15.665248162732693
232,File clerks,-8.720884,9.305795,106.7,32710.0,10.329569206893384
233,Film and video editors,-3.0469003,9.664983,38.3,63780.0,6.18869937870632
234,Financial examiners,25.954058,19.605085,66.9,81090.0,8.179242018671413
235,Financial managers,27.825304,20.836449,697.9,129890.0,26.417797031546744
238,Firefighters,14.539917,-12.481319,335.5,50850.0,18.3166590840142
239,First-line supervisors of construction trades and extraction workers,15.1592,-9.118631,685.0,66210.0,26.1725046566048
240,First-line supervisors of correctional officers,20.71755,-3.672324,48.7,63730.0,6.978538528947161
241,"First-line supervisors of farming, fishing, and forestry workers",-2.9953294,-23.057356,53.2,48280.0,7.293833011524188
242,First-line supervisors of firefighting and prevention workers,15.360114,-13.453002,71.5,77800.0,8.455767262643882
243,First-line supervisors of food preparation and serving workers,-11.638386,-1.1467046,1039.3,33400.0,32.23817612707022
244,First-line supervisors of housekeeping and janitorial workers,-10.8278475,-1.7169331,231.9,40780.0,15.228263197095066
245,"First-line supervisors of landscaping, lawn service, and groundskeeping workers",14.915287,-6.3970866,170.7,49370.0,13.065221008463652
246,"First-line supervisors of mechanics, installers, and repairers",15.376079,-9.424686,499.1,67460.0,22.340546098965444
247,First-line supervisors of non-retail sales workers,29.326443,22.828825,409.8,74760.0,20.243517480912253
248,First-line supervisors of office and administrative support workers,16.43995,5.5259886,1552.4,56620.0,39.400507610943286
249,First-line supervisors of police and detectives,20.903698,-3.8220334,126.1,91090.0,11.229425630903835
250,First-line supervisors of production and operating workers,-1.6959897,-13.701818,648.9,61310.0,25.473515658424535
251,First-line supervisors of retail sales workers,14.689426,7.5314493,1476.4,40350.0,38.42395086401189
253,Flight attendants,-10.847554,4.1643972,121.9,56640.0,11.040833301884419
256,Floral designers,-17.789318,9.8646755,51.8,28040.0,7.197221686178632
258,Food batchmakers,-21.069216,-11.723374,162.5,30790.0,12.747548783981962
260,Food preparation workers,-12.702501,-1.4646939,886.7,24800.0,29.77750829065454
262,"Food servers, nonrestaurant",-23.910381,3.5633624,284.6,24430.0,16.870091878825082
263,Food service managers,-15.499263,2.1971567,352.6,55320.0,18.777646284878198
272,Fundraisers,30.353401,18.8034,100.6,57970.0,10.029955134495866
279,Gambling dealers,-24.652298,5.7542515,102.9,21260.0,10.143963722332607
284,General and operations managers,17.69188,4.8034163,2486.4,100780.0,49.86381453519175
289,Glaziers,-14.870312,-18.764225,52.8,44630.0,7.26636084983398
290,"Graders and sorters, agricultural products",-29.39686,-2.004636,38.3,25670.0,6.18869937870632
291,Graphic designers,3.0700967,18.016956,281.5,52110.0,16.777961735562517
293,"Grinding, lapping, polishing, and buffing machine tool setters, operators, and tenders, metal and plastic",-21.111263,-16.867884,77.1,36100.0,8.780660567406077
294,"Hairdressers, hairstylists, and cosmetologists",-8.376507,-2.4302418,656.1,26090.0,25.614449047363873
295,Hazardous materials removal workers,-3.238524,-16.132633,45.3,43900.0,6.730527468185536
297,Health education specialists,23.234274,6.7181864,62.2,55220.0,7.886697661252142
298,"Health specialties teachers, postsecondary",22.613615,10.478087,254.0,97320.0,15.937377450509228
299,Healthcare social workers,15.00505,13.5321665,185.0,56750.0,13.601470508735444
300,"Healthcare support workers, all other",7.947727,-1.1363144,96.9,38460.0,9.843779761859771
303,"Heating, air conditioning, and refrigeration mechanics and installers",5.800641,-21.630846,376.8,48730.0,19.411336893681487
304,Heavy and tractor-trailer truck drivers,-5.750327,-17.36935,2029.9,45260.0,45.05441154870409
307,Helpers--electricians,-10.243734,-20.567799,81.1,32830.0,9.00555384193554
309,"Helpers--installation, maintenance, and repair workers",-20.54019,-21.926615,101.1,30530.0,10.054849576199537
311,"Helpers--pipelayers, plumbers, pipefitters, and steamfitters",-11.638659,-23.017235,59.3,32100.0,7.700649323271382
312,Helpers--production workers,-24.16792,-12.302708,304.2,29100.0,17.44133022449836
314,Highway maintenance workers,12.415186,-11.184139,156.1,40730.0,12.493998559308384
318,Home appliance repairers,-7.902619,-11.637628,38.4,40260.0,6.196773353931867
319,"Hosts and hostesses, restaurant, lounge, and coffee shop",-21.250793,5.2429523,429.7,23090.0,20.72920644887305
320,"Hotel, motel, and resort desk clerks",-10.306284,7.5895104,276.5,24470.0,16.62828914831589
321,"Human resources assistants, except payroll and timekeeping",3.7154634,10.671179,123.9,41430.0,11.131037687475503
322,Human resources managers,30.190521,21.890732,165.2,116720.0,12.853015210447703
323,Human resources specialists,5.965746,12.939575,666.5,61920.0,25.816661286851172
325,Industrial engineering technologists and technicians,4.650966,-16.981432,68.5,56550.0,8.276472678623424
326,Industrial engineers,31.970222,9.127076,295.8,88020.0,17.198837169994952
327,Industrial machinery mechanics,-25.744415,-16.99972,399.4,53590.0,19.98499437077729
328,Industrial production managers,31.51789,6.1214604,190.1,105480.0,13.787675656179326
329,Industrial truck and tractor operators,-5.4847026,-18.341797,634.7,36200.0,25.193253065056922
331,"Inspectors, testers, sorters, samplers, and weighers",-21.452608,-10.277029,590.1,39140.0,24.291973983190417
332,"Installation, maintenance, and repair workers, all other",0.2152342,-19.469511,187.7,39830.0,13.700364958642524
333,Instructional coordinators,24.015821,18.016298,192.9,66290.0,13.888844444373333
337,Insurance claims and policy processing clerks,-7.2509823,14.236638,293.9,40750.0,17.14351189225825
338,Insurance sales agents,1.9728047,15.599179,501.3,50940.0,22.38972978845435
339,Insurance underwriters,-1.7469523,15.874078,114.7,70020.0,10.709808588392232
340,Interior designers,29.400042,2.174135,77.9,56040.0,8.826097665446492
341,Interpreters and translators,4.299035,12.558288,77.4,51830.0,8.79772697916911
342,"Interviewers, except eligibility and loan",-12.981779,14.684144,201.9,34970.0,14.20915198032592
343,"Janitors and cleaners, except maids and housekeeping cleaners",-25.597292,0.6511268,2374.2,27430.0,48.725763205926285
347,"Kindergarten teachers, except special education",10.817576,11.861464,127.7,56850.0,11.30044246921332
348,Labor relations specialists,28.534857,20.93937,78.9,69020.0,8.882567196480982
349,"Laborers and freight, stock, and material movers, hand",-23.12545,-2.3688767,2986.0,29510.0,54.644304369257
351,Landscaping and groundskeeping workers,-29.18199,-9.505111,1188.0,30440.0,34.46737587922817
353,Laundry and dry-cleaning workers,-26.725115,-2.103977,215.2,24220.0,14.669696656713798
355,Lawyers,7.6456714,22.319855,813.9,122960.0,28.52893268245414
357,Legal secretaries and administrative assistants,-7.985843,13.542236,171.8,47300.0,13.107249902248755
358,"Library assistants, clerical",-9.578728,9.767686,90.5,27490.0,9.513148795220223
360,Library technicians,-10.458546,10.199666,94.1,34900.0,9.70051545022222
361,Licensed practical and licensed vocational nurses,13.82051,-2.0401113,721.7,47480.0,26.864474683120086
362,"Life, physical, and social science technicians, all other",-0.15481706,-3.4950538,71.0,50550.0,8.426149773176359
363,"Lifeguards, ski patrol, and other recreational protective service workers",-22.557003,5.737405,149.8,23420.0,12.239281024635394
364,Light truck drivers,-18.952738,-1.961447,1018.6,34730.0,31.91551346915791
365,Loan interviewers and clerks,0.41080034,12.469748,212.6,40640.0,14.580809305384937
366,Loan officers,1.2152432,14.489684,316.9,63270.0,17.80168531347524
370,Lodging managers,18.055332,6.441384,57.2,54430.0,7.563068160475615
372,Logging equipment operators,-1.2647469,-22.39048,39.2,41440.0,6.260990336999411
373,Logisticians,30.730036,8.491846,188.2,74750.0,13.718600511714014
374,Machine feeders and offbearers,-29.055605,-6.1936383,62.9,31180.0,7.930952023559341
375,Machinists,-23.355846,-15.357456,388.1,44420.0,19.700253805471643
376,Magnetic resonance imaging technologists,9.248071,-2.828071,38.7,73410.0,6.220932405998316
377,Maids and housekeeping cleaners,-18.200336,1.5893878,1474.9,24850.0,38.40442682816657
378,"Mail clerks and mail machine operators, except postal service",-27.892185,0.45233285,88.4,30960.0,9.402127418834526
379,"Maintenance and repair workers, general",-24.544987,-7.8974514,1516.4,39080.0,38.94098098404815
380,"Maintenance workers, machinery",-25.24707,-17.500273,73.2,47520.0,8.555699854482976
382,Management analysts,28.721346,23.928026,876.3,85260.0,29.602364770403057
383,Manicurists and pedicurists,-25.691418,4.4727845,155.3,25770.0,12.461942063739505
386,Market research analysts and marketing specialists,24.763474,21.169056,738.1,63790.0,27.167995877502634
387,Marketing managers,30.490828,17.995407,286.3,136850.0,16.92040188648012
388,Marriage and family therapists,14.911696,14.85362,66.2,49610.0,8.136338242723197
389,Massage therapists,-12.51037,6.242554,166.7,42820.0,12.911235417263523
392,"Mathematical science teachers, postsecondary",15.419238,18.060635,60.1,73690.0,7.752418977325722
394,"Meat, poultry, and fish cutters and trimmers",-18.09343,-11.075688,161.8,28100.0,12.720062892926277
396,Mechanical drafters,-2.488412,1.8314825,57.5,57060.0,7.582875444051551
397,Mechanical engineering technologists and technicians,5.8250504,-16.881048,43.5,56980.0,6.59545297913646
398,Mechanical engineers,32.916256,9.217625,316.3,88430.0,17.78482499211055
399,Medical and health services managers,31.53592,20.92582,422.3,100980.0,20.549939172659368
401,Medical assistants,10.307683,-1.9540099,725.2,34800.0,26.929537686339884
402,Medical equipment preparers,4.217773,-11.255717,58.7,37440.0,7.661592523751182
403,Medical equipment repairers,6.6000566,-18.314625,53.9,49280.0,7.341661937191061
404,"Medical scientists, except epidemiologists",28.537046,13.119245,138.3,88790.0,11.76010204037363
405,Medical secretaries and administrative assistants,-7.2323227,12.94878,623.4,36580.0,24.96797949374358
406,Medical transcriptionists,-10.998345,15.963202,58.5,33380.0,7.648529270389178
407,"Meeting, convention, and event planners",20.185183,3.865279,138.6,50600.0,11.77285012220915
408,Mental health and substance abuse social workers,13.551229,14.668541,123.2,46650.0,11.099549540409287
409,Merchandise displayers and window trimmers,-15.048823,4.641454,180.4,29460.0,13.431306712304652
413,"Middle school teachers, except special and career/technical education",12.386114,12.226397,627.1,59660.0,25.041964779146223
415,Millwrights,11.913417,-17.1303,48.7,55560.0,6.978538528947161
417,"Mixing and blending machine setters, operators, and tenders",-26.084684,-9.621953,128.0,37780.0,11.313708498984761
418,"Mobile heavy equipment mechanics, except engines",3.1823676,-22.146194,152.9,53370.0,12.365273955719704
422,"Molders, shapers, and casters, except metal and plastic",-22.745657,-13.259763,49.4,34030.0,7.0285133563222315
423,"Molding, coremaking, and casting machine setters, operators, and tenders, metal and plastic",-26.22807,-12.941245,173.4,32130.0,13.168143377105217
429,"Multiple machine tool setters, operators, and tenders, metal and plastic",-23.751078,-13.975057,150.5,36330.0,12.267844146385297
431,Music directors and composers,8.151503,16.611353,58.0,51670.0,7.615773105863909
434,Natural sciences managers,29.001274,8.8224125,71.4,129100.0,8.449852069711044
435,New accounts clerks,2.3421643,13.385112,44.3,36550.0,6.6558245169174945
440,Nurse anesthetists,18.20838,-1.4423611,44.9,174790.0,6.700746227100382
442,Nurse practitioners,17.316559,0.16437562,211.3,109820.0,14.536161804272819
443,"Nursing instructors and teachers, postsecondary",18.37146,0.47699577,72.9,74600.0,8.538149682454625
444,Occupational therapists,11.255742,8.398983,143.3,84950.0,11.970797801316335
446,Occupational therapy assistants,6.6851015,0.10266672,47.1,61510.0,6.862943974709396
447,"Office clerks, general",-9.672192,11.68066,3126.3,34040.0,55.91332578196364
448,"Office machine operators, except computer",-15.926727,-5.146573,47.3,33450.0,6.877499545619759
449,Operating engineers and other construction equipment operators,-8.059057,-20.560305,418.0,48980.0,20.445048300260872
450,Operations research analysts,22.739737,22.605642,105.1,84810.0,10.251829105091442
452,Ophthalmic medical technicians,9.633384,-0.48738226,59.5,36940.0,7.713624310270756
453,"Opticians, dispensing",13.369321,3.1628592,73.8,37840.0,8.590692637965812
454,Optometrists,15.050296,0.9062254,44.4,115250.0,6.663332499583072
456,Order clerks,3.6121626,7.5309706,146.0,34240.0,12.083045973594572
460,Packaging and filling machine operators and tenders,-19.690554,-12.818775,392.1,30990.0,19.801515093547767
461,"Packers and packagers, hand",-4.6319985,-15.844112,640.8,25910.0,25.314027731674784
462,"Painters, construction and maintenance",-12.412268,-15.29229,379.5,40280.0,19.480759738778158
464,"Paper goods machine setters, operators, and tenders",-21.259228,-13.366222,100.4,39210.0,10.019980039900279
466,Paralegals and legal assistants,-4.559798,15.562441,337.8,51740.0,18.379336223052235
467,Parking attendants,-22.577175,3.6877637,149.8,25140.0,12.239281024635394
469,Parts salespersons,-7.0593143,-5.329497,261.7,31710.0,16.17714437099453
473,"Paving, surfacing, and tamping equipment operators",-13.8812895,-22.568302,46.6,40130.0,6.826419266350405
474,Payroll and timekeeping clerks,-5.659412,14.907214,149.8,46180.0,12.239281024635394
475,Personal financial advisors,27.67705,21.693394,263.0,87850.0,16.217274740226856
476,Pest control workers,-17.799591,-2.3643434,87.6,37330.0,9.359487165438072
477,"Pesticide handlers, sprayers, and applicators, vegetation",-4.981224,-13.133479,38.1,35840.0,6.172519744804386
479,"Petroleum pump system operators, refinery operators, and gaugers",0.40827504,-16.971283,41.3,74180.0,6.4265076052238514
480,Pharmacists,14.470442,0.96875995,321.7,128090.0,17.93599732381782
481,Pharmacy aides,10.537476,-4.339433,37.9,27850.0,6.156297588648554
482,Pharmacy technicians,5.2295117,-1.281076,422.3,33950.0,20.549939172659368
484,Phlebotomists,10.679476,-2.3466754,132.6,35510.0,11.515207336387824
485,Photographers,-8.088305,-4.2293572,133.5,36280.0,11.554220008291344
488,Physical therapist aides,-12.170149,4.065457,50.6,27000.0,7.113367697511496
489,Physical therapist assistants,5.5644994,0.3445569,98.7,58790.0,9.934787365615835
490,Physical therapists,6.5590396,0.5695001,258.2,89440.0,16.068602926203635
491,Physician assistants,12.575207,-1.1529777,125.5,112260.0,11.20267825120404
495,Pipelayers,-18.112743,-19.942389,38.9,38820.0,6.23698645180507
498,"Plating machine setters, operators, and tenders, metal and plastic",-19.020042,-12.960505,42.1,33500.0,6.488451279003334
499,"Plumbers, pipefitters, and steamfitters",-13.186301,-19.556059,490.2,55160.0,22.140460699813815
501,Police and sheriff's patrol officers,19.735584,-5.178133,688.4,63150.0,26.237377917772193
504,Postal service clerks,-13.174009,2.6143851,78.1,48330.0,8.83742043811428
505,Postal service mail carriers,-27.882969,2.9004395,326.6,51310.0,18.072077910411963
506,"Postal service mail sorters, processors, and processing machine operators",-27.878765,-0.47181088,98.5,60140.0,9.924716620639604
512,"Preschool teachers, except special education",-20.990343,7.160027,540.4,30520.0,23.246505113672463
513,"Pressers, textile, garment, and related materials",-28.952776,-4.814108,38.3,24190.0,6.18869937870632
514,Print binding and finishing workers,-22.166697,-13.897408,45.2,33040.0,6.723094525588644
515,Printing press operators,-26.101526,-15.331743,181.4,36910.0,13.468481725866505
516,Private detectives and investigators,2.4031246,8.634599,36.2,50510.0,6.016643582596529
517,Probation officers and correctional treatment specialists,7.095196,10.206236,91.8,54290.0,9.581231653602787
518,Procurement clerks,-4.6927557,12.336142,68.5,43310.0,8.276472678623424
519,Producers and directors,8.426329,16.406298,159.5,74420.0,12.62933094031509
520,"Production workers, all other",-10.400862,-15.507463,238.6,29800.0,15.446682491719702
521,"Production, planning, and expediting clerks",0.5512154,-3.2522018,378.5,48260.0,19.45507645834372
523,"Property, real estate, and community association managers",18.896269,7.1318326,367.9,58760.0,19.180719485983836
525,Psychiatric technicians,11.839169,-1.1224109,82.8,33780.0,9.09945053286186
527,"Psychology teachers, postsecondary",20.597668,16.124224,46.8,76620.0,6.841052550594828
528,Public relations specialists,30.072866,18.224127,274.6,61150.0,16.57105910918189
529,Public safety telecommunicators,6.071814,9.372204,98.3,41910.0,9.91463564635635
531,Purchasing managers,28.70929,20.12038,76.9,121110.0,8.769264507357502
534,Radiologic technologists and technicians,7.833729,-3.7271056,212.0,60510.0,14.560219778561036
538,Railroad conductors and yardmasters,-20.45547,-10.278461,36.0,65990.0,6.0
539,Real estate brokers,1.9414529,14.744375,100.7,59720.0,10.03493896344168
540,Real estate sales agents,17.89122,8.7013235,376.5,48930.0,19.403607911932255
541,Receptionists and information clerks,-7.2798543,10.708393,1105.3,30050.0,33.24605239723959
543,Recreation workers,16.392792,4.1800456,417.1,26350.0,20.423026220420912
547,Refuse and recyclable material collectors,-23.422754,-6.0550885,133.6,37840.0,11.55854662143991
548,Registered nurses,16.940472,-0.13637044,3096.7,73300.0,55.648000862564686
549,Rehabilitation counselors,6.940442,12.875874,120.2,35950.0,10.963576058932597
551,Reservation and transportation ticket agents and travel clerks,3.8911655,-0.30356514,126.3,38380.0,11.23832727766904
552,Residential advisors,12.856092,7.1067843,115.2,29450.0,10.73312629199899
553,Respiratory therapists,8.653565,-5.497729,135.8,61330.0,11.653325705565772
554,Retail salespersons,-16.76203,6.170621,4371.4,25250.0,66.11656373405987
558,Roofers,-4.146165,-22.347843,161.6,42100.0,12.712198865656562
560,"Roustabouts, oil and gas",-17.508398,-19.09001,58.5,38910.0,7.648529270389178
562,Sales engineers,27.72972,16.38781,64.5,103900.0,8.031189202104505
563,Sales managers,30.009304,19.789156,433.8,126640.0,20.827865949251738
564,"Sales representatives, wholesale and manufacturing, except technical and scientific products",3.53776,16.256716,1399.7,59930.0,37.412564734324214
565,"Sales representatives, wholesale and manufacturing, technical and scientific products",2.766189,15.948439,321.0,81020.0,17.916472867168917
566,"Sawing machine setters, operators, and tenders, wood",-28.151989,-7.371916,54.5,30410.0,7.3824115301167
567,"Secondary school teachers, except special and career/technical education",11.740448,12.06191,1050.8,61660.0,32.41604540964243
568,"Secretaries and administrative assistants, except legal, medical, and executive",-8.790361,11.94599,2250.2,37690.0,47.43627304078599
569,"Securities, commodities, and financial services sales agents",0.0741236,15.87667,464.2,62270.0,21.54530111184339
570,Security and fire alarm systems installers,-7.17718,-10.44794,76.3,48970.0,8.734987120768983
571,Security guards,7.5961437,3.789713,1154.1,29680.0,33.97204733306487
572,Self-enrichment teachers,9.211472,12.818056,386.2,39190.0,19.651971911235776
574,"Separating, filtering, clarifying, precipitating, and still machine setters, operators, and tenders",-21.82565,-12.127565,53.1,41330.0,7.286974680894672
576,"Service unit operators, oil and gas",13.250318,-15.979439,51.7,46740.0,7.19027120489902
579,Sewing machine operators,-27.916817,-4.511726,146.5,26420.0,12.103718436910205
581,Sheet metal workers,-9.563925,-18.662355,137.7,50400.0,11.734564329364767
583,"Shipping, receiving, and inventory clerks",-12.045821,-11.291135,710.4,34190.0,26.65332999833229
587,Skincare specialists,-15.610948,6.115385,78.6,34090.0,8.8656641037206
588,Slaughterers and meat packers,-28.826708,-2.8958418,75.0,29230.0,8.660254037844387
589,Social and community service managers,14.853814,12.839031,175.5,67150.0,13.24764129949177
590,Social and human service assistants,8.081289,9.886126,425.6,35060.0,20.630075133164205
591,Social science research assistants,0.67289287,17.213274,40.1,47510.0,6.332456079595025
592,"Social scientists and related workers, all other",27.442429,18.276548,38.8,83330.0,6.2289646009589745
599,"Special education teachers, all other",15.330025,-3.5894127,36.6,61190.0,6.04979338490167
600,"Special education teachers, kindergarten and elementary school",11.54003,10.961839,193.0,60460.0,13.892443989449804
602,Special effects artists and animators,-2.6173544,9.367208,67.5,75270.0,8.215838362577491
603,Speech-language pathologists,9.747862,10.860365,162.6,79120.0,12.751470503436064
606,Statisticians,22.78041,21.579775,42.7,91160.0,6.534523701081817
608,Structural iron and steel workers,-15.812944,-20.31014,77.0,55040.0,8.774964387392123
609,Structural metal fabricators and fitters,-27.376257,-10.716207,78.5,40390.0,8.860022573334675
611,Surgical technologists,6.337972,-5.11445,111.3,48300.0,10.549881515922348
613,Surveying and mapping technicians,-2.0139797,0.2786624,58.4,45010.0,7.64198926981712
614,Surveyors,29.158478,6.2075176,48.0,63420.0,6.928203230275509
615,"Switchboard operators, including answering service",-11.960577,10.444418,69.9,30610.0,8.360621986431392
616,"Tailors, dressmakers, and custom sewers",-13.259962,-7.948448,37.3,31520.0,6.107372593840988
619,"Tax examiners and collectors, and revenue agents",2.6688125,11.811969,57.6,54890.0,7.58946638440411
620,Tax preparers,0.23489128,13.644637,88.4,43080.0,9.402127418834526
621,Technical writers,-1.8972529,5.061384,58.4,72850.0,7.64198926981712
622,"Telecommunications equipment installers and repairers, except line installers",-7.767812,-10.042824,215.7,57910.0,14.68672870315238
623,Telecommunications line installers and repairers,-8.298052,-10.764849,123.6,56750.0,11.117553687749837
624,Telemarketers,-13.239795,14.627417,136.9,26290.0,11.700427342623003
626,Tellers,2.4174645,6.3416,449.0,31230.0,21.18962010041709
632,Tile and stone setters,-14.096185,-19.925543,57.0,43050.0,7.54983443527075
634,Tire repairers and changers,-10.023667,-13.624144,113.4,28640.0,10.648943609579309
635,"Title examiners, abstractors, and searchers",-4.7357335,16.592897,63.6,48180.0,7.974960814950754
636,Tool and die makers,3.0306296,-18.032377,72.5,53920.0,8.514693182963201
639,Training and development managers,30.553068,21.211273,42.3,113350.0,6.5038450166036395
640,Training and development specialists,24.096712,18.074276,327.9,61210.0,18.10800927766495
643,Transportation security screeners,-12.588252,-0.3383923,51.4,41770.0,7.1693793315739685
644,"Transportation, storage, and distribution managers",19.336071,5.15648,139.4,94560.0,11.806777714516354
645,Travel agents,1.1882167,14.959192,82.0,40660.0,9.055385138137417
646,Tree trimmers and pruners,-12.982614,-22.290588,62.0,39980.0,7.874007874011811
649,Urban and regional planners,30.32823,23.351543,39.7,74350.0,6.300793600809346
650,"Ushers, lobby attendants, and ticket takers",-21.090681,4.520461,139.0,23500.0,11.789826122551595
651,Veterinarians,14.419857,-0.9205627,89.2,95460.0,9.444575162494075
652,Veterinary assistants and laboratory animal caretakers,5.6405253,-1.3995098,99.5,28590.0,9.974968671630002
653,Veterinary technologists and technicians,5.621011,-2.5072196,112.9,35320.0,10.625441167311596
654,Waiters and waitresses,-16.740652,4.860407,2613.8,22890.0,51.12533618471374
656,Water and wastewater treatment plant and system operators,3.3294973,-15.124043,126.4,47760.0,11.242775458044157
657,"Weighers, measurers, checkers, and samplers, recordkeeping",-1.9196643,-15.273768,61.3,35040.0,7.829431652425353
658,"Welders, cutters, solderers, and brazers",-25.803692,-10.559315,438.9,42490.0,20.949940334043912
659,"Welding, soldering, and brazing machine setters, operators, and tenders",-22.327013,-18.836987,37.2,38310.0,6.099180272790763
662,"Woodworking machine setters, operators, and tenders, except sawing",-29.45839,-6.9668126,79.3,30990.0,8.905054744357274
663,Word processors and typists,-8.538709,11.786203,52.7,40340.0,7.259476565152615
664,Writers and authors,2.324801,18.334223,131.2,63200.0,11.454256850621082
